Market,MarketName,Sector,Fetch_Time,Value.Traded,Value.Traded|1W,Value.Traded|1M
JP,Japan 225 Index,Commercial Services,2026-09-05 00:08:59,35674575900.0,204495425900.0,152380009400.0
JP,Japan 225 Index,Communications,2026-09-05 00:08:59,66392574140.0,404888961740.0,296469661020.0
JP,Japan 225 Index,Consumer Durables,2026-09-05 00:08:59,330835048420.0,1929990623220.0,1488234984170.0
JP,Japan 225 Index,Consumer Non-Durables,2026-09-05 00:08:59,124494888800.0,541776319400.0,426133358500.0
JP,Japan 225 Index,Consumer Services,2026-09-05 00:08:59,26634742500.0,108362416500.0,89716359100.0
JP,Japan 225 Index,Distribution Services,2026-09-05 00:08:59,160766086300.0,719595817000.0,584589038600.0
JP,Japan 225 Index,Electronic Technology,2026-09-05 00:08:59,2854282377000.0,13746630166000.0,10398651145750.0
JP,Japan 225 Index,Energy Minerals,2026-09-05 00:08:59,39984751200.0,220298842350.0,177568117350.0
JP,Japan 225 Index,Finance,2026-09-05 00:08:59,721248731850.0,3485826624050.0,2740783277800.0
JP,Japan 225 Index,Health Technology,2026-09-05 00:08:59,162129914200.0,906476663000.0,657589084100.0
JP,Japan 225 Index,Industrial Services,2026-09-05 00:08:59,28949179450.0,173510398050.0,131203599000.0
JP,Japan 225 Index,Miscellaneous,2026-09-05 00:08:59,434922124000.0,1154091276000.0,970136115000.0
JP,Japan 225 Index,Non-Energy Minerals,2026-09-05 00:08:59,133200985500.0,769494035120.0,579181248460.0
JP,Japan 225 Index,Process Industries,2026-09-05 00:08:59,208977120720.0,989233141940.0,779566026460.0
JP,Japan 225 Index,Producer Manufacturing,2026-09-05 00:08:59,950806633490.0,5182836647700.0,4004596545510.0
JP,Japan 225 Index,Retail Trade,2026-09-05 00:08:59,215706254200.0,976401127200.0,775343397480.0
JP,Japan 225 Index,Technology Services,2026-09-05 00:08:59,229287056240.0,1039338138660.0,796034522290.0
JP,Japan 225 Index,Transportation,2026-09-05 00:08:59,131395724150.0,601725113600.0,468237700550.0
JP,Japan 225 Index,Utilities,2026-09-05 00:08:59,56745390400.0,360131741800.0,275601490700.0
JP,All Japanese companies,Commercial Services,2026-09-05 00:08:59,81638829690.0,454372818630.0,348613822460.0
JP,All Japanese companies,Communications,2026-09-05 00:08:59,69783331040.0,424538955440.0,311393146620.0
JP,All Japanese companies,Consumer Durables,2026-09-05 00:08:59,387542143470.0,2225797397770.0,1719889882820.0
JP,All Japanese companies,Consumer Non-Durables,2026-09-05 00:08:59,222494799460.0,1037071607690.0,810440123560.0
JP,All Japanese companies,Consumer Services,2026-09-05 00:08:59,114846953750.0,595589534500.0,441890153650.0
JP,All Japanese companies,Distribution Services,2026-09-05 00:08:59,215945058700.0,1007748016550.0,806439541050.0
JP,All Japanese companies,Electronic Technology,2026-09-05 00:08:59,2996593640210.0,14547879353720.0,11025100727080.0
JP,All Japanese companies,Energy Minerals,2026-09-05 00:08:59,45663070100.0,251616956150.0,202926250550.0
JP,All Japanese companies,Finance,2026-09-05 00:08:59,1012976022930.0,4901037269500.0,3822553742140.0
JP,All Japanese companies,Government,2026-09-05 00:08:59,10850000.0,15190000.0,10850000.0
JP,All Japanese companies,Health Services,2026-09-05 00:08:59,1424485900.0,8537804800.0,7056538100.0
JP,All Japanese companies,Health Technology,2026-09-05 00:08:59,237293861450.0,1277531777250.0,942439537600.0
JP,All Japanese companies,Industrial Services,2026-09-05 00:08:59,95934388800.0,514632312050.0,401243780250.0
JP,All Japanese companies,Miscellaneous,2026-09-05 00:08:59,435615884300.0,1158485644700.0,973536751900.0
JP,All Japanese companies,Non-Energy Minerals,2026-09-05 00:08:59,193763344300.0,1130326285470.0,860685878360.0
JP,All Japanese companies,Process Industries,2026-09-05 00:08:59,345098471420.0,1792194181140.0,1406327004360.0
JP,All Japanese companies,Producer Manufacturing,2026-09-05 00:08:59,1284068381960.0,6993834423670.0,5333765973470.0
JP,All Japanese companies,Retail Trade,2026-09-05 00:08:59,315318516650.0,1453380557400.0,1156061498030.0
JP,All Japanese companies,Technology Services,2026-09-05 00:08:59,725304275860.0,3656739289025.0,2925183637270.0
JP,All Japanese companies,Transportation,2026-09-05 00:08:59,170374802300.0,828977024700.0,650568638050.0
JP,All Japanese companies,Utilities,2026-09-05 00:08:59,90424661150.0,555912839050.0,437257743500.0
KR,All South Korean Companies,Commercial Services,2026-09-05 00:09:00,207119989112.0,841542692817.0,639069394720.0
KR,All South Korean Companies,Communications,2026-09-05 00:09:00,110229775257.0,718673965635.0,467417468360.0
KR,All South Korean Companies,Consumer Durables,2026-09-05 00:09:00,686928340185.0,5336949845046.923,3879320022983.0
KR,All South Korean Companies,Consumer Non-Durables,2026-09-05 00:09:00,482156090243.0,3074659588011.0,2341440567336.0
KR,All South Korean Companies,Consumer Services,2026-09-05 00:09:00,107754326739.0,636419823874.0,496959777868.0
KR,All South Korean Companies,Distribution Services,2026-09-05 00:09:00,207467060917.0,845943831423.0,660980322966.0
KR,All South Korean Companies,Electronic Technology,2026-09-05 00:09:00,11220887445579.0,61656670476144.0,45063367290093.0
KR,All South Korean Companies,Energy Minerals,2026-09-05 00:09:00,327651637550.0,1554626730967.0,1186823084950.0
KR,All South Korean Companies,Finance,2026-09-05 00:09:00,1883052529635.0,11077352845215.0,8382941564235.0
KR,All South Korean Companies,Health Services,2026-09-05 00:09:00,46674467930.0,154713652380.0,123739941110.0
KR,All South Korean Companies,Health Technology,2026-09-05 00:09:00,1170852182233.0,8670743904810.499,6326647467273.72
KR,All South Korean Companies,Industrial Services,2026-09-05 00:09:00,266864243671.0,1398699360873.0,1131502222933.0
KR,All South Korean Companies,Miscellaneous,2026-09-05 00:09:00,36438923627.0,134959529226.0,112746079932.0
KR,All South Korean Companies,Non-Energy Minerals,2026-09-05 00:09:00,309950802593.0,1998948864768.0,1684570376300.0
KR,All South Korean Companies,Process Industries,2026-09-05 00:09:00,382671433630.0,2475048995103.0,1965317852923.0
KR,All South Korean Companies,Producer Manufacturing,2026-09-05 00:09:00,3404765570067.0,19053052456790.812,15016890328022.174
KR,All South Korean Companies,Retail Trade,2026-09-05 00:09:00,189325101148.0,1138341749619.0,884573697662.0
KR,All South Korean Companies,Technology Services,2026-09-05 00:09:00,2743147808827.0,6092054639356.0,5239666150720.0
KR,All South Korean Companies,Transportation,2026-09-05 00:09:00,258054463589.0,1223551575975.0,1024860419488.0
KR,All South Korean Companies,Utilities,2026-09-05 00:09:00,134266656867.0,834866810333.0,705203946892.0
KR,KOSPI Composite Index,Commercial Services,2026-09-05 00:09:00,69975587533.0,411097312188.0,285015947768.0
KR,KOSPI Composite Index,Communications,2026-09-05 00:09:00,105071862905.0,704321838310.0,450279123460.0
KR,KOSPI Composite Index,Consumer Durables,2026-09-05 00:09:00,629562734697.0,4993727730448.923,3595871386487.0
KR,KOSPI Composite Index,Consumer Non-Durables,2026-09-05 00:09:00,406186429571.0,2537307620275.0,1888962461631.0
KR,KOSPI Composite Index,Consumer Services,2026-09-05 00:09:00,38297688412.0,237472545411.0,175856612594.0
KR,KOSPI Composite Index,Distribution Services,2026-09-05 00:09:00,44027171706.0,301727478384.0,236367151772.0
KR,KOSPI Composite Index,Electronic Technology,2026-09-05 00:09:00,10077070036982.0,55947185519492.0,40663621692685.0
KR,KOSPI Composite Index,Energy Minerals,2026-09-05 00:09:00,324359699250.0,1533021150002.0,1167776439445.0
KR,KOSPI Composite Index,Finance,2026-09-05 00:09:00,1727499331480.0,10656185698701.0,8028396821376.0
KR,KOSPI Composite Index,Health Technology,2026-09-05 00:09:00,381959752752.0,2601750111636.0,1779976069245.0
KR,KOSPI Composite Index,Industrial Services,2026-09-05 00:09:00,251368230336.0,1260839178890.0,1016133399073.0
KR,KOSPI Composite Index,Miscellaneous,2026-09-05 00:09:00,40496858380.0,157595473170.0,129417790960.0
KR,KOSPI Composite Index,Non-Energy Minerals,2026-09-05 00:09:00,196966028836.0,1278489297922.0,1045898308840.0
KR,KOSPI Composite Index,Process Industries,2026-09-05 00:09:00,285886711925.0,1844732085684.0,1474820982877.0
KR,KOSPI Composite Index,Producer Manufacturing,2026-09-05 00:09:00,1719455505251.0,12783713621993.0,9922608408194.0
KR,KOSPI Composite Index,Retail Trade,2026-09-05 00:09:00,146138906079.0,786838771844.0,634394355520.0
KR,KOSPI Composite Index,Technology Services,2026-09-05 00:09:00,370475474883.0,2386980916814.0,1889372784015.0
KR,KOSPI Composite Index,Transportation,2026-09-05 00:09:00,256624898457.0,1213580740147.0,1016072450386.0
KR,KOSPI Composite Index,Utilities,2026-09-05 00:09:00,119181396660.0,622858542280.0,503628531730.0
TW,All Taiwan Companies,Commercial Services,2026-09-05 00:09:00,9731524761.7,81417208692.4,64946503162.8
TW,All Taiwan Companies,Communications,2026-09-05 00:09:00,1983609060.6,15861224437.3,11672620457.4
TW,All Taiwan Companies,Consumer Durables,2026-09-05 00:09:00,5288359276.2,39097687795.03099,28901231778.77
TW,All Taiwan Companies,Consumer Non-Durables,2026-09-05 00:09:00,988493106.49,5898886360.66,4207358847.31
TW,All Taiwan Companies,Consumer Services,2026-09-05 00:09:00,271112553.99,1898141737.24,1275685149.99
TW,All Taiwan Companies,Distribution Services,2026-09-05 00:09:00,10250729297.6,53943674836.92627,46648478632.35431
TW,All Taiwan Companies,Electronic Technology,2026-09-05 00:09:00,766835798029.44,4412233718441.54,3354513658620.5923
TW,All Taiwan Companies,Energy Minerals,2026-09-05 00:09:00,1171209757.8999999,10388571459.849998,9044097838.699999
TW,All Taiwan Companies,Finance,2026-09-05 00:09:00,24537129001.85,181212276833.39883,118861923378.13658
TW,All Taiwan Companies,Health Services,2026-09-05 00:09:00,30254792.2,294804147.95,178601023.1
TW,All Taiwan Companies,Health Technology,2026-09-05 00:09:00,14029644823.12,82856730931.33,60384587102.94
TW,All Taiwan Companies,Industrial Services,2026-09-05 00:09:00,5334684068.87,27964844372.758915,21977440242.16
TW,All Taiwan Companies,Miscellaneous,2026-09-05 00:09:00,317510218.0,582249955.4,582037088.9
TW,All Taiwan Companies,Non-Energy Minerals,2026-09-05 00:09:00,6837734350.42,87178032845.58,45971648975.12
TW,All Taiwan Companies,Process Industries,2026-09-05 00:09:00,31228479713.69,257358865709.0297,192372907139.92435
TW,All Taiwan Companies,Producer Manufacturing,2026-09-05 00:09:00,111570083104.0,592214209201.5243,459048672660.01324
TW,All Taiwan Companies,Retail Trade,2026-09-05 00:09:00,1310705417.98,8826455691.72,6445863733.91
TW,All Taiwan Companies,Technology Services,2026-09-05 00:09:00,14476402089.79,135261899734.15033,100002394013.14156
TW,All Taiwan Companies,Transportation,2026-09-05 00:09:00,11285972195.82,68554348574.87,44402124037.25
TW,All Taiwan Companies,Unknown,2026-09-05 00:09:00,768958773.6,4142194502.8,2682729140.8
TW,All Taiwan Companies,Utilities,2026-09-05 00:09:00,179897663.89,1016946328.041717,837708084.2641618
TW,FTSE TWSE Taiwan 50 Index,Communications,2026-09-05 00:09:00,1961386545.5,15730005228.0,11564464723.0
TW,FTSE TWSE Taiwan 50 Index,Consumer Non-Durables,2026-09-05 00:09:00,55204815.900000006,324310233.0,228854450.50000003
TW,FTSE TWSE Taiwan 50 Index,Distribution Services,2026-09-05 00:09:00,209290466.0,923818511.0,508977161.0
TW,FTSE TWSE Taiwan 50 Index,Electronic Technology,2026-09-05 00:09:00,269450370422.6,1523479684122.8,1179165090546.6
TW,FTSE TWSE Taiwan 50 Index,Energy Minerals,2026-09-05 00:09:00,1169689485.8,10377302184.699999,9034500456.3
TW,FTSE TWSE Taiwan 50 Index,Finance,2026-09-05 00:09:00,20735106777.35,146791308551.4,99893027124.3
TW,FTSE TWSE Taiwan 50 Index,Non-Energy Minerals,2026-09-05 00:09:00,740822059.7,19435636441.800003,6573196692.8
TW,FTSE TWSE Taiwan 50 Index,Process Industries,2026-09-05 00:09:00,19996494980.6,180190310047.3,132381490222.3
TW,FTSE TWSE Taiwan 50 Index,Producer Manufacturing,2026-09-05 00:09:00,912517206.0,6314654184.0,4588251216.0
TW,FTSE TWSE Taiwan 50 Index,Retail Trade,2026-09-05 00:09:00,646852446.0,5052476347.2,3391026562.7999997
TW,FTSE TWSE Taiwan 50 Index,Transportation,2026-09-05 00:09:00,8088833187.6,49724282980.600006,29809538914.2
CN,All Chinese Companies,Commercial Services,2026-09-05 00:09:01,63960568811.41,275215181924.72003,218104529204.23
CN,All Chinese Companies,Communications,2026-09-05 00:09:01,5001466770.8,25818595555.29,19725215137.25
CN,All Chinese Companies,Consumer Durables,2026-09-05 00:09:01,40024461272.489296,206845052065.36307,160486770078.50342
CN,All Chinese Companies,Consumer Non-Durables,2026-09-05 00:09:01,53657550305.49404,237312522037.25723,191120293648.89005
CN,All Chinese Companies,Consumer Services,2026-09-05 00:09:01,23840898518.412434,108088951104.50479,87567275299.98232
CN,All Chinese Companies,Distribution Services,2026-09-05 00:09:01,31091003027.33,150232477857.43,116601278685.25
CN,All Chinese Companies,Electronic Technology,2026-09-05 00:09:01,532251740294.1005,2460900529532.558,1961892467191.477
CN,All Chinese Companies,Energy Minerals,2026-09-05 00:09:01,19967308199.462036,134957252341.77644,106014032344.53638
CN,All Chinese Companies,Finance,2026-09-05 00:09:01,99949971299.59242,530208943488.71173,412446755510.412
CN,All Chinese Companies,Health Services,2026-09-05 00:09:01,3133907120.14,14804828117.3,11555736874.2
CN,All Chinese Companies,Health Technology,2026-09-05 00:09:01,85089989975.67,446954630462.92,345486050028.7
CN,All Chinese Companies,Industrial Services,2026-09-05 00:09:01,32389840655.59,155737480033.97,122449685201.23
CN,All Chinese Companies,Miscellaneous,2026-09-05 00:09:01,4369304.064,16637911.389,13589679.873
CN,All Chinese Companies,Non-Energy Minerals,2026-09-05 00:09:01,125072956967.17,657165924092.5,505106273703.32
CN,All Chinese Companies,Process Industries,2026-09-05 00:09:01,212672668255.44,1049313978150.2694,829251155411.28
CN,All Chinese Companies,Producer Manufacturing,2026-09-05 00:09:01,445867573061.72,2066161507061.32,1630025921167.63
CN,All Chinese Companies,Retail Trade,2026-09-05 00:09:01,24664168457.95,101901751530.95,85591439495.73
CN,All Chinese Companies,Technology Services,2026-09-05 00:09:01,142745817672.44,615952035648.97,485541592371.43
CN,All Chinese Companies,Transportation,2026-09-05 00:09:01,29472184160.22,134574961025.1,106702060300.37
CN,All Chinese Companies,Utilities,2026-09-05 00:09:01,31614715487.670002,159790541609.28,129384317721.3
CN,Shenzhen Component Index,Commercial Services,2026-09-05 00:09:01,23841574905.920002,88209268569.15001,70014051892.19
CN,Shenzhen Component Index,Communications,2026-09-05 00:09:01,482103800.0,1844477310.0,1389000920.0
CN,Shenzhen Component Index,Consumer Durables,2026-09-05 00:09:01,10180252264.06,57911747067.25,44846870053.68
CN,Shenzhen Component Index,Consumer Non-Durables,2026-09-05 00:09:01,8837001376.49,34981162536.03,28396878875.55
CN,Shenzhen Component Index,Consumer Services,2026-09-05 00:09:01,3944368407.2400002,19918400760.07,15045241808.039999
CN,Shenzhen Component Index,Distribution Services,2026-09-05 00:09:01,2985512481.14,17082298582.67,13155643729.880001
CN,Shenzhen Component Index,Electronic Technology,2026-09-05 00:09:01,191963682070.17,926982017326.68,721026213490.73
CN,Shenzhen Component Index,Energy Minerals,2026-09-05 00:09:01,959678318.5899999,7094521734.5199995,5539015233.4800005
CN,Shenzhen Component Index,Finance,2026-09-05 00:09:01,14474157786.23,73220724693.76,57637491138.82
CN,Shenzhen Component Index,Health Services,2026-09-05 00:09:01,886603439.7900001,4118190594.6400003,3175148170.5200005
CN,Shenzhen Component Index,Health Technology,2026-09-05 00:09:01,17064509399.71,91478716208.82,68543265000.159996
CN,Shenzhen Component Index,Industrial Services,2026-09-05 00:09:01,2876506511.2,11541715252.26,8587417180.42
CN,Shenzhen Component Index,Non-Energy Minerals,2026-09-05 00:09:01,33767833098.41,185335039456.29,141372266231.62
CN,Shenzhen Component Index,Process Industries,2026-09-05 00:09:01,40255901627.77,187833021743.41,145505330980.47
CN,Shenzhen Component Index,Producer Manufacturing,2026-09-05 00:09:01,123001351131.76,608231865992.41,471771348773.01
CN,Shenzhen Component Index,Retail Trade,2026-09-05 00:09:01,145181977.71,673273824.3000001,541284057.9300001
CN,Shenzhen Component Index,Technology Services,2026-09-05 00:09:01,59070709609.91,238756936930.96,191008457302.88
CN,Shenzhen Component Index,Transportation,2026-09-05 00:09:01,2771152113.02,13956144748.96,10318383378.73
CN,Shenzhen Component Index,Utilities,2026-09-05 00:09:01,5812176701.5,28345399156.3,23270836937.260002
HK,All Hong Kong Companies,Commercial Services,2026-09-05 00:09:01,3645454846.666,17836515573.326,14345566299.942
HK,All Hong Kong Companies,Communications,2026-09-05 00:09:01,511799662.195,2696470423.87,2154270441.385
HK,All Hong Kong Companies,Consumer Durables,2026-09-05 00:09:01,4640453398.486,24764656859.066,17676718567.269
HK,All Hong Kong Companies,Consumer Non-Durables,2026-09-05 00:09:01,5039938108.224999,26378898546.71,19872932027.1
HK,All Hong Kong Companies,Consumer Services,2026-09-05 00:09:01,5711010468.871,20992177897.924,16844164043.124
HK,All Hong Kong Companies,Distribution Services,2026-09-05 00:09:01,764304702.314,3318798774.6910267,2655599006.0677905
HK,All Hong Kong Companies,Electronic Technology,2026-09-05 00:09:01,20282765868.434,72655343675.47101,55321519570.641
HK,All Hong Kong Companies,Energy Minerals,2026-09-05 00:09:01,345470247.428,1656867910.346,1263384742.624
HK,All Hong Kong Companies,Finance,2026-09-05 00:09:01,14757150337.433453,80567860121.09465,56888613445.79228
HK,All Hong Kong Companies,Health Services,2026-09-05 00:09:01,186191085.49,723629979.08,563800013.92
HK,All Hong Kong Companies,Health Technology,2026-09-05 00:09:01,16774236559.27,66557016512.555,53753902938.035
HK,All Hong Kong Companies,Industrial Services,2026-09-05 00:09:01,471999628.45500004,3235299212.945,2493871068.39
HK,All Hong Kong Companies,Miscellaneous,2026-09-05 00:09:01,473098700.14,3255484020.946,3191437415.9
HK,All Hong Kong Companies,Non-Energy Minerals,2026-09-05 00:09:01,4953838066.658,32090510096.018,23141704813.783
HK,All Hong Kong Companies,Process Industries,2026-09-05 00:09:01,2397985136.26,16331168181.749939,9383934433.75969
HK,All Hong Kong Companies,Producer Manufacturing,2026-09-05 00:09:01,8272458574.621,36787427083.195,26024565936.724
HK,All Hong Kong Companies,Retail Trade,2026-09-05 00:09:01,1296282517.53,7390313866.373,5207333537.757999
HK,All Hong Kong Companies,Technology Services,2026-09-05 00:09:01,39772044537.216,181661929669.944,131340885506.199
HK,All Hong Kong Companies,Transportation,2026-09-05 00:09:01,2615531180.85,17223494670.335,13879757602.57
HK,All Hong Kong Companies,Utilities,2026-09-05 00:09:01,1835100168.086,10539452987.368,6882443755.558
HK,Hang Seng Index,Commercial Services,2026-09-05 00:09:02,1690110405.7199998,9434658711.06,7886129266.619999
HK,Hang Seng Index,Communications,2026-09-05 00:09:02,2062158904.6450002,7341855108.175,6132216718.150001
HK,Hang Seng Index,Consumer Durables,2026-09-05 00:09:02,3655549306.955,20445224737.725002,13858168203.195
HK,Hang Seng Index,Consumer Non-Durables,2026-09-05 00:09:02,3417838422.79,17906620820.27,13621926814.425
HK,Hang Seng Index,Consumer Services,2026-09-05 00:09:02,3815793599.0400004,15340643896.400002,12300223055.63
HK,Hang Seng Index,Distribution Services,2026-09-05 00:09:02,1102650798.0,5166074107.77,3595862250.3799996
HK,Hang Seng Index,Electronic Technology,2026-09-05 00:09:02,17062111487.119999,56529421899.56,44067167462.5
HK,Hang Seng Index,Energy Minerals,2026-09-05 00:09:02,3338247446.43,14405040633.26,10822782846.26
HK,Hang Seng Index,Finance,2026-09-05 00:09:02,28166800912.87,130546363116.4,94128965595.43
HK,Hang Seng Index,Health Technology,2026-09-05 00:09:02,7182631552.875,35213930301.895004,25496439022.235
HK,Hang Seng Index,Non-Energy Minerals,2026-09-05 00:09:02,2808758855.3999996,13222904256.0,9702676335.0
HK,Hang Seng Index,Producer Manufacturing,2026-09-05 00:09:02,3003334558.65,20958811872.01,14854488352.26
HK,Hang Seng Index,Retail Trade,2026-09-05 00:09:02,13531496667.5,56979395495.2,45657503527.8
HK,Hang Seng Index,Technology Services,2026-09-05 00:09:02,20048355712.98,83528791341.0,63584268304.96
HK,Hang Seng Index,Transportation,2026-09-05 00:09:02,1366750595.6399999,5834244200.934999,3983041813.89
HK,Hang Seng Index,Utilities,2026-09-05 00:09:02,1271985545.73,6054164840.59,4490454405.84
HK,Hang Seng China Enterprises Index,Commercial Services,2026-09-05 00:09:02,1690110405.7199998,9434658711.06,7886129266.619999
HK,Hang Seng China Enterprises Index,Communications,2026-09-05 00:09:02,1662259943.6800003,5693778402.900001,4775412109.620001
HK,Hang Seng China Enterprises Index,Consumer Durables,2026-09-05 00:09:02,1641266691.9,8844603410.220001,6434947943.42
HK,Hang Seng China Enterprises Index,Consumer Non-Durables,2026-09-05 00:09:02,969733512.06,6276495984.719999,4692121666.98
HK,Hang Seng China Enterprises Index,Consumer Services,2026-09-05 00:09:02,3262173160.4000006,12771127706.0,9945708152.4
HK,Hang Seng China Enterprises Index,Electronic Technology,2026-09-05 00:09:02,15839345409.24,47870171638.8,38865557409.6
HK,Hang Seng China Enterprises Index,Energy Minerals,2026-09-05 00:09:02,3338247446.43,14405040633.26,10822782846.26
HK,Hang Seng China Enterprises Index,Finance,2026-09-05 00:09:02,17533366426.74,95492957006.89,65062605097.92
HK,Hang Seng China Enterprises Index,Health Technology,2026-09-05 00:09:02,7220759011.415,26812456346.2,20479414950.325
HK,Hang Seng China Enterprises Index,Non-Energy Minerals,2026-09-05 00:09:02,2808758855.3999996,13222904256.0,9702676335.0
HK,Hang Seng China Enterprises Index,Producer Manufacturing,2026-09-05 00:09:02,1808147730.9,12048611630.0,8321116074.250001
HK,Hang Seng China Enterprises Index,Retail Trade,2026-09-05 00:09:02,13016692388.5,54504137390.1,43779354934.6
HK,Hang Seng China Enterprises Index,Technology Services,2026-09-05 00:09:02,20868412066.805,86713417065.57,65788832650.32
HK,Hang Seng China Enterprises Index,Transportation,2026-09-05 00:09:02,348492404.40000004,1386453805.4,961142406.2
HK,Hang Seng Tech Index,Commercial Services,2026-09-05 00:09:02,1690110405.7199998,9434658711.06,7886129266.619999
HK,Hang Seng Tech Index,Consumer Durables,2026-09-05 00:09:02,2371912102.96,13703715816.8,9302990546.04
HK,Hang Seng Tech Index,Consumer Services,2026-09-05 00:09:02,3235724220.96,9073002930.24,7822086638.38
HK,Hang Seng Tech Index,Electronic Technology,2026-09-05 00:09:02,23230009016.02,70908575710.66,55665226619.6
HK,Hang Seng Tech Index,Producer Manufacturing,2026-09-05 00:09:02,1808147730.9,12048611630.0,8321116074.250001
HK,Hang Seng Tech Index,Retail Trade,2026-09-05 00:09:02,13016692388.5,54504137390.1,43779354934.6
HK,Hang Seng Tech Index,Technology Services,2026-09-05 00:09:02,36833425102.915,162059098532.03,118613043329.09
SG,All Singapore Companies,Commercial Services,2026-09-05 00:09:02,43689111.2,196235374.25,151399407.39999998
SG,All Singapore Companies,Communications,2026-09-05 00:09:02,87828790.52,517484886.52,365180854.02
SG,All Singapore Companies,Consumer Durables,2026-09-05 00:09:02,7070949.9,27521377.4,20451736.7
SG,All Singapore Companies,Consumer Non-Durables,2026-09-05 00:09:02,13584575.8,114853487.60000001,91702668.68
SG,All Singapore Companies,Consumer Services,2026-09-05 00:09:02,19607618.1,86409822.5,66106641.1
SG,All Singapore Companies,Distribution Services,2026-09-05 00:09:02,2672176.4,19560278.4,15935948.0
SG,All Singapore Companies,Electronic Technology,2026-09-05 00:09:02,129335736.1,730417141.5,529369341.90000004
SG,All Singapore Companies,Energy Minerals,2026-09-05 00:09:02,6289766.9,52491204.1,40177467.400000006
SG,All Singapore Companies,Finance,2026-09-05 00:09:02,1062924302.3895196,5927190013.250081,4249178089.8067846
SG,All Singapore Companies,Health Services,2026-09-05 00:09:02,5018860.7,26418965.400000002,21544828.6
SG,All Singapore Companies,Health Technology,2026-09-05 00:09:02,17031280.3,69163951.7,56887081.6
SG,All Singapore Companies,Industrial Services,2026-09-05 00:09:02,3441140.1,18194776.8,14355785.2
SG,All Singapore Companies,Miscellaneous,2026-09-05 00:09:02,35750.5,577925.5,347255.5
SG,All Singapore Companies,Non-Energy Minerals,2026-09-05 00:09:02,5905335.9,54951093.4,43937236.599999994
SG,All Singapore Companies,Process Industries,2026-09-05 00:09:02,36664511.4,277366354.3,188731155.2
SG,All Singapore Companies,Producer Manufacturing,2026-09-05 00:09:02,207657467.22396,816412415.442368,658906850.643656
SG,All Singapore Companies,Retail Trade,2026-09-05 00:09:02,11382308.637728,64997726.53764,46568529.744088
SG,All Singapore Companies,Technology Services,2026-09-05 00:09:02,12885370.8,62937630.5,51371651.7
SG,All Singapore Companies,Transportation,2026-09-05 00:09:02,75622421.21109,479005042.63582397,321591443.05338997
SG,All Singapore Companies,Utilities,2026-09-05 00:09:02,83939998.02000001,1217146378.71,471845933.01
SG,Straits Times Index,Communications,2026-09-05 00:09:02,80194861.52,480434985.52,336330153.52
SG,Straits Times Index,Consumer Non-Durables,2026-09-05 00:09:02,6590610.0,66217725.0,56242395.0
SG,Straits Times Index,Consumer Services,2026-09-05 00:09:02,18179640.0,77502356.0,58797142.0
SG,Straits Times Index,Electronic Technology,2026-09-05 00:09:02,42338488.0,330158060.8,224127916.8
SG,Straits Times Index,Finance,2026-09-05 00:09:02,977637673.5870401,5461996099.42718,3887726990.7568
SG,Straits Times Index,Process Industries,2026-09-05 00:09:02,17973482.0,154325326.0,94897968.0
SG,Straits Times Index,Producer Manufacturing,2026-09-05 00:09:02,197230881.22396,764630343.6423681,621750727.643656
SG,Straits Times Index,Retail Trade,2026-09-05 00:09:02,2995860.9377280003,21691079.53764,12970590.944088
SG,Straits Times Index,Transportation,2026-09-05 00:09:02,58202622.76,383495442.76,258846198.76
SG,Straits Times Index,Utilities,2026-09-05 00:09:02,82199040.42,1202965072.91,459737293.61
UK,All UK Companies,Commercial Services,2026-09-05 00:09:02,335141245.282168,1780270693.949148,1780270693.949148
UK,All UK Companies,Communications,2026-09-05 00:09:02,159584697.757,778769027.5919999,778769027.5919999
UK,All UK Companies,Consumer Durables,2026-09-05 00:09:02,105706211.6627,469207458.3471,469207458.3471
UK,All UK Companies,Consumer Non-Durables,2026-09-05 00:09:02,462762569.24425,2465124970.54925,2465124970.54925
UK,All UK Companies,Consumer Services,2026-09-05 00:09:02,190144973.358,782023769.2021835,782024274.2021835
UK,All UK Companies,Distribution Services,2026-09-05 00:09:02,515130330.25775,1920400591.12275,1925020578.73275
UK,All UK Companies,Electronic Technology,2026-09-05 00:09:02,429928835.643168,1765251955.324336,1765268849.3055859
UK,All UK Companies,Energy Minerals,2026-09-05 00:09:02,707600252.36123,3492286751.544746,3492477521.263096
UK,All UK Companies,Finance,2026-09-05 00:09:02,1441796489.006267,6508020312.352905,6508271824.50859
UK,All UK Companies,Health Services,2026-09-05 00:09:02,11970583.569064416,39585783.5739137,39585783.5739137
UK,All UK Companies,Health Technology,2026-09-05 00:09:02,546987846.2545741,2294311721.410928,2294311721.410928
UK,All UK Companies,Industrial Services,2026-09-05 00:09:02,39951387.7481,130435725.2099,130435725.2099
UK,All UK Companies,Miscellaneous,2026-09-05 00:09:02,89084496.29094721,351856186.3409963,351856186.3409963
UK,All UK Companies,Non-Energy Minerals,2026-09-05 00:09:02,389782019.759197,2164864447.444502,2164864447.444502
UK,All UK Companies,Process Industries,2026-09-05 00:09:02,41833894.73769,268798793.46299,268798793.46299
UK,All UK Companies,Producer Manufacturing,2026-09-05 00:09:02,163203554.48335,772181986.54555,772181986.54555
UK,All UK Companies,Retail Trade,2026-09-05 00:09:02,145384663.14409998,750144011.73255,750144011.73255
UK,All UK Companies,Technology Services,2026-09-05 00:09:02,174870883.9756597,839362665.8741404,840270160.5296404
UK,All UK Companies,Transportation,2026-09-05 00:09:02,60847398.90625232,386392585.6897003,386392585.6897003
UK,All UK Companies,Utilities,2026-09-05 00:09:02,361422300.57237715,1408286837.6995592,1408286837.6995592
UK,UK 100 Index,Commercial Services,2026-09-05 00:09:02,284974890.588,1399483704.764,1399483704.764
UK,UK 100 Index,Communications,2026-09-05 00:09:02,105293729.909,539373226.9399999,539373226.9399999
UK,UK 100 Index,Consumer Durables,2026-09-05 00:09:02,78609220.141,314097589.119,314097589.119
UK,UK 100 Index,Consumer Non-Durables,2026-09-05 00:09:02,442724669.685,2370059175.92,2370059175.92
UK,UK 100 Index,Consumer Services,2026-09-05 00:09:02,139574587.4821,600490979.6102835,600490979.6102835
UK,UK 100 Index,Distribution Services,2026-09-05 00:09:02,475536177.54399997,1782257531.628,1782257531.628
UK,UK 100 Index,Electronic Technology,2026-09-05 00:09:02,346970515.084,1397787749.0479999,1397787749.0479999
UK,UK 100 Index,Energy Minerals,2026-09-05 00:09:02,659701519.9530001,3263413337.065,3263413337.065
UK,UK 100 Index,Finance,2026-09-05 00:09:02,1287033585.859,5759460423.5234995,5759460423.5234995
UK,UK 100 Index,Health Technology,2026-09-05 00:09:02,529025933.227,2166716127.678,2166716127.678
UK,UK 100 Index,Miscellaneous,2026-09-05 00:09:02,150620856.958,551722421.552,551722421.552
UK,UK 100 Index,Non-Energy Minerals,2026-09-05 00:09:02,343786144.12,2086308983.74,2086308983.74
UK,UK 100 Index,Process Industries,2026-09-05 00:09:02,14393368.32,121755327.68,121755327.68
UK,UK 100 Index,Producer Manufacturing,2026-09-05 00:09:02,89379173.294,453914876.27,453914876.27
UK,UK 100 Index,Retail Trade,2026-09-05 00:09:02,107746800.56199999,581577019.436,581577019.436
UK,UK 100 Index,Technology Services,2026-09-05 00:09:02,113228279.647,387994606.98099995,387994606.98099995
UK,UK 100 Index,Transportation,2026-09-05 00:09:02,33332031.656,161723629.76,161723629.76
UK,UK 100 Index,Utilities,2026-09-05 00:09:02,340490638.16617715,1330077041.8125792,1330077041.8125792
FR,All France Companies,Commercial Services,2026-09-05 00:09:03,145254788.07549998,924022855.4584999,680346058.5408
FR,All France Companies,Communications,2026-09-05 00:09:03,80353760.526,436701916.682,296040347.794
FR,All France Companies,Consumer Durables,2026-09-05 00:09:03,124622889.6454,664303078.8762,490059542.6314
FR,All France Companies,Consumer Non-Durables,2026-09-05 00:09:03,628422645.565,4728777152.016,2717735359.562
FR,All France Companies,Consumer Services,2026-09-05 00:09:03,64076107.554,388132645.349,309713282.112
FR,All France Companies,Distribution Services,2026-09-05 00:09:03,29572067.436399996,463758100.39779997,137486399.1766
FR,All France Companies,Electronic Technology,2026-09-05 00:09:03,514613663.9395,3234009697.3056,2321174595.4689
FR,All France Companies,Energy Minerals,2026-09-05 00:09:03,323358404.59999996,1760364689.6049998,1210918319.6999998
FR,All France Companies,Finance,2026-09-05 00:09:03,609156347.3355,3606286900.1443005,2511183871.9803004
FR,All France Companies,Health Services,2026-09-05 00:09:03,3696813.366,21532725.948000003,13708569.513
FR,All France Companies,Health Technology,2026-09-05 00:09:03,331728857.7749,1923984635.9682999,1299110282.5924
FR,All France Companies,Industrial Services,2026-09-05 00:09:03,163210379.0454,1067949849.4858,739947950.1186
FR,All France Companies,Miscellaneous,2026-09-05 00:09:03,12048819.148,18124452.14,15804192.894000001
FR,All France Companies,Non-Energy Minerals,2026-09-05 00:09:03,15161682.72,122599721.1,87029642.61
FR,All France Companies,Process Industries,2026-09-05 00:09:03,114802049.518,892462025.6392,616344641.3776
FR,All France Companies,Producer Manufacturing,2026-09-05 00:09:03,281592482.8384,1882023637.4752,1327395787.358
FR,All France Companies,Retail Trade,2026-09-05 00:09:03,31187346.724200003,168376543.05150002,129909547.0418
FR,All France Companies,Technology Services,2026-09-05 00:09:03,145483107.3333,637510907.4496,420155623.0192
FR,All France Companies,Transportation,2026-09-05 00:09:03,26209115.78,202229018.42,127945634.64
FR,All France Companies,Utilities,2026-09-05 00:09:03,151517695.3716,804545075.2851001,622284728.6834
FR,CAC 40 Index,Commercial Services,2026-09-05 00:09:03,78720647.02,540727886.78,389622274.64
FR,CAC 40 Index,Communications,2026-09-05 00:09:03,77490684.96,409519922.76,271977218.24
FR,CAC 40 Index,Consumer Durables,2026-09-05 00:09:03,121294686.98,634516665.42,468704880.52
FR,CAC 40 Index,Consumer Non-Durables,2026-09-05 00:09:03,619922024.24,4689891808.48,2688786281.84
FR,CAC 40 Index,Consumer Services,2026-09-05 00:09:03,29613926.3,206692286.5,164527732.6
FR,CAC 40 Index,Electronic Technology,2026-09-05 00:09:03,453701910.525,2830210991.815,2011987417.625
FR,CAC 40 Index,Energy Minerals,2026-09-05 00:09:03,321049462.4,1746079874.4999998,1200091596.8999999
FR,CAC 40 Index,Finance,2026-09-05 00:09:03,547025005.77,3179087546.7500005,2237437189.2250004
FR,CAC 40 Index,Health Technology,2026-09-05 00:09:03,256190007.44,1356929419.26,953822966.8000001
FR,CAC 40 Index,Industrial Services,2026-09-05 00:09:03,149516840.77,960753057.59,653918053.51
FR,CAC 40 Index,Process Industries,2026-09-05 00:09:03,106404328.48,846404017.36,579268633.04
FR,CAC 40 Index,Producer Manufacturing,2026-09-05 00:09:03,191223955.8,1435842814.68,976854723.3
FR,CAC 40 Index,Retail Trade,2026-09-05 00:09:03,28273312.085,151020213.91500002,116195483.055
FR,CAC 40 Index,Technology Services,2026-09-05 00:09:03,124266785.42,513869964.22,335896368.8
FR,CAC 40 Index,Utilities,2026-09-05 00:09:03,141775245.26,757397151.75,588103145.21
FR,SBF 120 Index,Commercial Services,2026-09-05 00:09:03,140423155.19599998,903673628.12,664182419.402
FR,SBF 120 Index,Communications,2026-09-05 00:09:03,82865822.61199999,458622516.652,314221257.598
FR,SBF 120 Index,Consumer Durables,2026-09-05 00:09:03,123536305.98,657365033.22,484720435.92
FR,SBF 120 Index,Consumer Non-Durables,2026-09-05 00:09:03,622081217.48,4706935861.68,2700905691.8
FR,SBF 120 Index,Consumer Services,2026-09-05 00:09:03,62694393.81,346922235.12,272283262.81
FR,SBF 120 Index,Distribution Services,2026-09-05 00:09:03,28436863.751999997,461011113.668,135044554.528
FR,SBF 120 Index,Electronic Technology,2026-09-05 00:09:03,503474337.725,3171801354.715,2269206937.125
FR,SBF 120 Index,Energy Minerals,2026-09-05 00:09:03,322784320.09999996,1753997778.6049998,1206297722.6999998
FR,SBF 120 Index,Finance,2026-09-05 00:09:03,618735445.99,3729521996.11,2593930608.0550003
FR,SBF 120 Index,Health Services,2026-09-05 00:09:03,3053451.0,18717277.62,11315547.120000001
FR,SBF 120 Index,Health Technology,2026-09-05 00:09:03,312653137.851,1837905757.979,1232766513.21
FR,SBF 120 Index,Industrial Services,2026-09-05 00:09:03,162999833.25,1065811271.37,738636188.22
FR,SBF 120 Index,Non-Energy Minerals,2026-09-05 00:09:03,14969936.16,121790239.86,86369076.64
FR,SBF 120 Index,Process Industries,2026-09-05 00:09:03,113514032.8,886675002.4300001,611744236.51
FR,SBF 120 Index,Producer Manufacturing,2026-09-05 00:09:03,280381386.362,1873713606.804,1321134030.81
FR,SBF 120 Index,Retail Trade,2026-09-05 00:09:03,29510733.965,159134145.37500003,122297683.935
FR,SBF 120 Index,Technology Services,2026-09-05 00:09:03,137563061.7,584646954.325,386687312.17
FR,SBF 120 Index,Transportation,2026-09-05 00:09:03,25589434.92,199044565.0,125465736.92
FR,SBF 120 Index,Utilities,2026-09-05 00:09:03,141775245.26,757397151.75,588103145.21
DE,All Germany Companies,Commercial Services,2026-09-05 00:09:03,7195911.311,37140400.453,27667934.3
DE,All Germany Companies,Communications,2026-09-05 00:09:03,146121294.91,831129848.9599999,627969144.78
DE,All Germany Companies,Consumer Durables,2026-09-05 00:09:03,332350606.935,1662372988.465,1135463272.09
DE,All Germany Companies,Consumer Non-Durables,2026-09-05 00:09:03,139296350.245,735329661.895,601456103.945
DE,All Germany Companies,Consumer Services,2026-09-05 00:09:03,40905312.086,421145433.284,174315377.99
DE,All Germany Companies,Distribution Services,2026-09-05 00:09:03,10979028.315,100731667.72,79541835.44
DE,All Germany Companies,Electronic Technology,2026-09-05 00:09:03,487182901.62,2345403044.08,1781986234.04
DE,All Germany Companies,Energy Minerals,2026-09-05 00:09:03,602448.2000000001,4242046.4,3376873.8000000003
DE,All Germany Companies,Finance,2026-09-05 00:09:03,801297286.6980001,4890919967.349,3364715922.729
DE,All Germany Companies,Health Services,2026-09-05 00:09:03,97990670.64,441906247.14500004,339852253.71000004
DE,All Germany Companies,Health Technology,2026-09-05 00:09:03,151489842.15,874115610.388,662533260.978
DE,All Germany Companies,Industrial Services,2026-09-05 00:09:03,36028761.88,229839235.085,175171628.77
DE,All Germany Companies,Miscellaneous,2026-09-05 00:09:03,5282.400000000001,189915.30000000002,161452.65000000002
DE,All Germany Companies,Non-Energy Minerals,2026-09-05 00:09:03,142937927.65,698026525.19,540351077.85
DE,All Germany Companies,Process Industries,2026-09-05 00:09:03,153837340.5,1086136850.48,729760447.1899999
DE,All Germany Companies,Producer Manufacturing,2026-09-05 00:09:03,593649006.369,3761274157.115,2625241873.519
DE,All Germany Companies,Retail Trade,2026-09-05 00:09:03,31709012.423000004,206971770.29450002,149029039.26900002
DE,All Germany Companies,Technology Services,2026-09-05 00:09:03,606352061.613,3182520968.02,1892186988.532
DE,All Germany Companies,Transportation,2026-09-05 00:09:03,130350822.132,867779803.73,552286568.322
DE,All Germany Companies,Utilities,2026-09-05 00:09:03,127884431.84,722866880.7099999,584918076.92
DE,DAX Index,Communications,2026-09-05 00:09:03,137850561.2,777362982.4,586653375.6
DE,DAX Index,Consumer Durables,2026-09-05 00:09:03,571365087.155,2159361753.895,1573439338.0
DE,DAX Index,Consumer Non-Durables,2026-09-05 00:09:03,104344663.49000001,569257343.37,460379419.08000004
DE,DAX Index,Distribution Services,2026-09-05 00:09:03,7031687.52,70120979.72,56692873.599999994
DE,DAX Index,Electronic Technology,2026-09-05 00:09:03,457135659.74,2109760113.3,1645406864.08
DE,DAX Index,Finance,2026-09-05 00:09:03,742416174.8800001,4516653039.4800005,3111242848.83
DE,DAX Index,Health Services,2026-09-05 00:09:03,97519899.07000001,440320927.48,338582805.23
DE,DAX Index,Health Technology,2026-09-05 00:09:03,151342461.22,867344473.68,660633053.365
DE,DAX Index,Industrial Services,2026-09-05 00:09:03,26350230.0,155340048.0,123275880.0
DE,DAX Index,Non-Energy Minerals,2026-09-05 00:09:03,61237328.6,377400312.8,288380101.8
DE,DAX Index,Process Industries,2026-09-05 00:09:03,107892134.86,817366352.16,529699380.74
DE,DAX Index,Producer Manufacturing,2026-09-05 00:09:03,476100832.92,3062221395.64,2086234910.27
DE,DAX Index,Retail Trade,2026-09-05 00:09:03,26894311.520000003,177594187.35000002,128332579.38000001
DE,DAX Index,Technology Services,2026-09-05 00:09:03,557895494.0600001,2891856156.08,1683874550.5800002
DE,DAX Index,Transportation,2026-09-05 00:09:03,75905585.76,459188271.84000003,301554033.36
DE,DAX Index,Utilities,2026-09-05 00:09:03,124127398.0,703598201.9,569752693.8
EU,All European Companies,Commercial Services,2026-09-05 00:09:04,960845435.9355493,5351924579.269371,4517098323.455532
EU,All European Companies,Communications,2026-09-05 00:09:04,853456675.2774671,4899842840.03158,3775720627.346489
EU,All European Companies,Consumer Durables,2026-09-05 00:09:04,1293378033.9394672,6761057675.686536,5103708267.228891
EU,All European Companies,Consumer Non-Durables,2026-09-05 00:09:04,2106599575.068641,13310277559.893217,9791775690.18896
EU,All European Companies,Consumer Services,2026-09-05 00:09:04,593138514.9525677,3275218387.5046544,2671618915.0040817
EU,All European Companies,Distribution Services,2026-09-05 00:09:04,869551447.4257116,4262156311.9536743,3550987804.043927
EU,All European Companies,Electronic Technology,2026-09-05 00:09:04,3455525783.2683816,18476076261.220272,13997831191.634474
EU,All European Companies,Energy Minerals,2026-09-05 00:09:04,2599462425.91522,14432933059.273458,11497599526.79106
EU,All European Companies,Finance,2026-09-05 00:09:04,8407561788.146464,46263447444.968704,35172519421.0279
EU,All European Companies,Government,2026-09-05 00:09:04,3010.8491,102798.9907,67959.1654
EU,All European Companies,Health Services,2026-09-05 00:09:04,201759576.3764702,1064983846.9637764,808933886.8479398
EU,All European Companies,Health Technology,2026-09-05 00:09:04,1857789966.4166868,10114112608.890438,8053282582.118325
EU,All European Companies,Industrial Services,2026-09-05 00:09:04,833002825.8729651,5114915548.676883,3660468342.950235
EU,All European Companies,Miscellaneous,2026-09-05 00:09:04,142805372.86780077,559708895.3342777,538049023.4457511
EU,All European Companies,Non-Energy Minerals,2026-09-05 00:09:04,1635259597.2542849,8941506725.902395,7521675003.986139
EU,All European Companies,Process Industries,2026-09-05 00:09:04,864514371.3317504,5553085378.931973,4085761781.4486895
EU,All European Companies,Producer Manufacturing,2026-09-05 00:09:04,2878731150.596182,17300523857.669678,12278758169.802383
EU,All European Companies,Retail Trade,2026-09-05 00:09:04,861956221.5008925,5337377180.821528,4179207685.694039
EU,All European Companies,Technology Services,2026-09-05 00:09:04,1972126752.216214,10106529897.217299,6980174145.129425
EU,All European Companies,Transportation,2026-09-05 00:09:04,892450490.4565645,6060325642.079696,4666138992.671372
EU,All European Companies,Unknown,2026-09-05 00:09:04,145932335.52716646,637943695.0644063,504134938.9360535
EU,All European Companies,Utilities,2026-09-05 00:09:04,1758532648.4820125,10010170810.007627,7973923373.7531185
EU,Euro Stoxx 50 Index,Commercial Services,2026-09-05 00:09:04,106650477.70364399,582079656.6600959,425882283.23747396
EU,Euro Stoxx 50 Index,Communications,2026-09-05 00:09:04,160249898.889388,903676693.410176,681978682.6012441
EU,Euro Stoxx 50 Index,Consumer Durables,2026-09-05 00:09:04,688490030.1858575,2758847240.7991385,1999194802.4721694
EU,Euro Stoxx 50 Index,Consumer Non-Durables,2026-09-05 00:09:04,817258176.9377837,5819510793.618093,3393397495.814304
EU,Euro Stoxx 50 Index,Electronic Technology,2026-09-05 00:09:04,1439069163.034688,8489068167.127532,6115877401.354114
EU,Euro Stoxx 50 Index,Energy Minerals,2026-09-05 00:09:04,612166743.3710954,3169902386.6401024,2221947898.2608986
EU,Euro Stoxx 50 Index,Finance,2026-09-05 00:09:04,2128113209.3137622,12577679154.78844,9187814053.552473
EU,Euro Stoxx 50 Index,Health Technology,2026-09-05 00:09:04,443005036.98520166,2530548758.389258,1800552177.6377556
EU,Euro Stoxx 50 Index,Industrial Services,2026-09-05 00:09:04,101511937.222773,659623462.249619,430867853.75172704
EU,Euro Stoxx 50 Index,Process Industries,2026-09-05 00:09:04,200243409.241232,1586136968.3696544,1054279852.1499888
EU,Euro Stoxx 50 Index,Producer Manufacturing,2026-09-05 00:09:04,745521265.6806768,5052358471.756868,3419437061.961609
EU,Euro Stoxx 50 Index,Retail Trade,2026-09-05 00:09:04,202934625.48478562,1001848463.9490627,765910931.4561936
EU,Euro Stoxx 50 Index,Technology Services,2026-09-05 00:09:04,810930001.9899156,4102092658.973321,2644101480.5828705
EU,Euro Stoxx 50 Index,Transportation,2026-09-05 00:09:04,88239484.39014241,533801774.1312817,350553548.24066645
EU,Euro Stoxx 50 Index,Utilities,2026-09-05 00:09:04,336288607.6689632,2325002339.01466,1781974236.243079
EU,STOXX 600,Commercial Services,2026-09-05 00:09:04,862871775.0205609,4861104618.776393,4099680225.5403485
EU,STOXX 600,Communications,2026-09-05 00:09:04,696748814.6546658,4008783143.0769305,3059322167.6768975
EU,STOXX 600,Consumer Durables,2026-09-05 00:09:04,1601028764.9462614,7335840333.399974,5635963777.140271
EU,STOXX 600,Consumer Non-Durables,2026-09-05 00:09:04,2251672397.3085666,14236850860.296913,10466604036.788704
EU,STOXX 600,Consumer Services,2026-09-05 00:09:04,371472439.170227,2182059624.319179,1780409203.2419739
EU,STOXX 600,Distribution Services,2026-09-05 00:09:04,743331830.1148224,3437766462.156293,2960514745.840153
EU,STOXX 600,Electronic Technology,2026-09-05 00:09:04,2909231736.7410984,16187640734.961626,12249472075.971766
EU,STOXX 600,Energy Minerals,2026-09-05 00:09:04,1508679876.286319,7662120995.863588,5872022918.571677
EU,STOXX 600,Finance,2026-09-05 00:09:04,7001927869.995535,41949675939.331276,31756155341.14682
EU,STOXX 600,Health Services,2026-09-05 00:09:04,143113677.2997638,738769061.6825268,558309363.2479973
EU,STOXX 600,Health Technology,2026-09-05 00:09:04,2908644356.9775143,16242135086.275444,12957556208.592625
EU,STOXX 600,Industrial Services,2026-09-05 00:09:04,574888546.3328694,3549007475.134166,2559653042.7184677
EU,STOXX 600,Miscellaneous,2026-09-05 00:09:04,100739971.59087501,384208954.851,384208954.851
EU,STOXX 600,Non-Energy Minerals,2026-09-05 00:09:04,1120827882.6910496,6173768428.929439,5207649841.876208
EU,STOXX 600,Process Industries,2026-09-05 00:09:04,623851188.1101927,4241978135.6125054,3002680579.9572473
EU,STOXX 600,Producer Manufacturing,2026-09-05 00:09:04,2352089797.779454,14505423230.937624,10563171284.930475
EU,STOXX 600,Retail Trade,2026-09-05 00:09:04,583344157.5277208,3492418921.065344,2780507658.4455824
EU,STOXX 600,Technology Services,2026-09-05 00:09:04,1453482157.314269,7934013037.72214,4990987016.158541
EU,STOXX 600,Transportation,2026-09-05 00:09:04,523887916.7967729,3453093078.428817,2394865899.021982
EU,STOXX 600,Utilities,2026-09-05 00:09:04,1473989307.9153466,8133485280.981768,6575641374.3966675
US,All US Companies,Commercial Services,2026-09-05 00:09:05,9702667148.508635,48040390898.89884,37616524661.68961
US,All US Companies,Communications,2026-09-05 00:09:05,10640686814.43145,69364125381.6466,56046865553.39051
US,All US Companies,Consumer Durables,2026-09-05 00:09:05,28059210792.17072,123464793449.78209,94241971843.02658
US,All US Companies,Consumer Non-Durables,2026-09-05 00:09:05,18168877126.041367,84954319854.7717,64884411402.83908
US,All US Companies,Consumer Services,2026-09-05 00:09:05,14161541424.64403,83501213383.83626,63465952685.33613
US,All US Companies,Distribution Services,2026-09-05 00:09:05,4332454359.134786,24866667304.79447,18768021541.82925
US,All US Companies,Electronic Technology,2026-09-05 00:09:05,206665174334.92548,969142379701.4467,770918750158.8628
US,All US Companies,Energy Minerals,2026-09-05 00:09:05,11526355504.591389,65994056362.637024,48961656172.49486
US,All US Companies,Finance,2026-09-05 00:09:05,54433128485.9516,330776651298.0531,252758436295.93567
US,All US Companies,Government,2026-09-05 00:09:05,101845.1802,1426105.0402000002,1066625.1328
US,All US Companies,Health Services,2026-09-05 00:09:05,5980032206.148303,33040695663.39947,25402804628.3786
US,All US Companies,Health Technology,2026-09-05 00:09:05,33416971048.784237,201581344751.94467,154187284634.8806
US,All US Companies,Industrial Services,2026-09-05 00:09:05,9844084500.742731,59202946090.20742,43468239825.43367
US,All US Companies,Miscellaneous,2026-09-05 00:09:05,212723142493.55118,1127478270173.3416,908463791042.1124
US,All US Companies,Non-Energy Minerals,2026-09-05 00:09:05,7668905978.091374,49881240688.36622,35682540041.00857
US,All US Companies,Process Industries,2026-09-05 00:09:05,7403608883.886753,43782110304.92188,31932147963.913513
US,All US Companies,Producer Manufacturing,2026-09-05 00:09:05,28674693045.55002,164127040325.28168,123864688530.43855
US,All US Companies,Retail Trade,2026-09-05 00:09:05,28401245669.700306,162279240058.86835,120308631136.63557
US,All US Companies,Technology Services,2026-09-05 00:09:05,105554672557.05591,563425248875.2041,442388644597.0129
US,All US Companies,Transportation,2026-09-05 00:09:05,9931842648.7407,52636154222.14244,40981390651.8199
US,All US Companies,Unknown,2026-09-05 00:09:05,5573038.750409,19132352.153908998,16064475.487409
US,All US Companies,Utilities,2026-09-05 00:09:05,10968976530.547,69110686505.77414,52270106269.55485
US,S&P 500 Index,Commercial Services,2026-09-05 00:09:05,5491484210.03,25454240244.65,19947153557.0
US,S&P 500 Index,Communications,2026-09-05 00:09:05,2381779044.46,13764736949.12,10868828263.34
US,S&P 500 Index,Consumer Durables,2026-09-05 00:09:05,25255451150.11,106366190289.45,80538123283.62
US,S&P 500 Index,Consumer Non-Durables,2026-09-05 00:09:05,14839389067.449999,67909917293.24,51416299457.99
US,S&P 500 Index,Consumer Services,2026-09-05 00:09:05,10001381569.84,57724449707.87,43266317281.02
US,S&P 500 Index,Distribution Services,2026-09-05 00:09:05,2700340055.4900002,15325059681.210001,11404628982.62
US,S&P 500 Index,Electronic Technology,2026-09-05 00:09:05,185416561597.31,867282723592.45,690353161816.57
US,S&P 500 Index,Energy Minerals,2026-09-05 00:09:05,9049349074.88,50778039901.4,37244991327.03
US,S&P 500 Index,Finance,2026-09-05 00:09:05,36118167917.83,224162247472.63,170648728174.4
US,S&P 500 Index,Health Services,2026-09-05 00:09:05,4462327463.75,23526048913.61,17949535070.93
US,S&P 500 Index,Health Technology,2026-09-05 00:09:05,20598215559.0,123291223268.24,93528946842.72
US,S&P 500 Index,Industrial Services,2026-09-05 00:09:05,4617909123.0199995,29367470539.54,19892208152.05
US,S&P 500 Index,Miscellaneous,2026-09-05 00:09:05,98605421.5,537232199.74,395663699.34000003
US,S&P 500 Index,Non-Energy Minerals,2026-09-05 00:09:05,2768268056.5,18560523994.4,13702385764.19
US,S&P 500 Index,Process Industries,2026-09-05 00:09:05,5178768515.4,29764783056.64,21921636190.63
US,S&P 500 Index,Producer Manufacturing,2026-09-05 00:09:05,20101942893.03,113049645114.625,86057447507.24
US,S&P 500 Index,Retail Trade,2026-09-05 00:09:05,20369457601.19,115925596835.90999,84588188476.78
US,S&P 500 Index,Technology Services,2026-09-05 00:09:05,64277325808.57,352173270344.39996,269675253710.6
US,S&P 500 Index,Transportation,2026-09-05 00:09:05,5958308001.09,33582831928.09,26008311855.46
US,S&P 500 Index,Utilities,2026-09-05 00:09:05,9678248491.2,60751745557.91,45351887042.05
US,Nasdaq 100 Index,Commercial Services,2026-09-05 00:09:05,1983625155.94,10740847560.08,8284165613.92
US,Nasdaq 100 Index,Communications,2026-09-05 00:09:05,8082648966.7,53813468082.76999,43780221277.7
US,Nasdaq 100 Index,Consumer Durables,2026-09-05 00:09:05,23010293867.52,92225526513.92,70367368601.28
US,Nasdaq 100 Index,Consumer Non-Durables,2026-09-05 00:09:05,2815479969.2400002,13904518758.470001,11026280045.25
US,Nasdaq 100 Index,Consumer Services,2026-09-05 00:09:05,3501001871.7999997,20083702328.32,15156682817.27
US,Nasdaq 100 Index,Distribution Services,2026-09-05 00:09:05,325789713.6,1657425912.0,1298639550.4
US,Nasdaq 100 Index,Electronic Technology,2026-09-05 00:09:05,166007667739.56,732661939291.4299,579446839744.52
US,Nasdaq 100 Index,Energy Minerals,2026-09-05 00:09:05,340158985.88,2237083216.2,1516018977.06
US,Nasdaq 100 Index,Health Technology,2026-09-05 00:09:05,4324210027.61,24022539277.115,18595888270.265
US,Nasdaq 100 Index,Industrial Services,2026-09-05 00:09:05,426577305.3,2377164569.05,1596578420.25
US,Nasdaq 100 Index,Process Industries,2026-09-05 00:09:05,1085934006.18,4302596712.21,3295101668.25
US,Nasdaq 100 Index,Producer Manufacturing,2026-09-05 00:09:05,9231231639.609999,45029815573.445,35862137486.68
US,Nasdaq 100 Index,Retail Trade,2026-09-05 00:09:05,13867058043.599998,76569188669.61,55641929935.01
US,Nasdaq 100 Index,Technology Services,2026-09-05 00:09:05,58232713466.329994,300805976889.48,235922444005.1
US,Nasdaq 100 Index,Transportation,2026-09-05 00:09:05,1713721256.11,8791700751.91,7187663100.94
US,Nasdaq 100 Index,Utilities,2026-09-05 00:09:05,1897517535.44,10265017916.44,8057009009.58
US,Nasdaq Composite Index,Commercial Services,2026-09-05 00:09:06,3831291245.730475,20813352698.180847,15923475901.620949
US,Nasdaq Composite Index,Communications,2026-09-05 00:09:06,9255407233.6904,60045604686.25279,48908995458.1698
US,Nasdaq Composite Index,Consumer Durables,2026-09-05 00:09:06,24434240276.33,100270262990.3969,76794269073.3122
US,Nasdaq Composite Index,Consumer Non-Durables,2026-09-05 00:09:06,8293950760.0935,30115270700.3774,24113419292.0608
US,Nasdaq Composite Index,Consumer Services,2026-09-05 00:09:06,6932160341.24535,40766906019.37547,30843658111.670425
US,Nasdaq Composite Index,Distribution Services,2026-09-05 00:09:06,795912618.6941,4405937364.5484,3350328240.5293
US,Nasdaq Composite Index,Electronic Technology,2026-09-05 00:09:06,183795638238.9339,813331192456.1611,644504433425.9371
US,Nasdaq Composite Index,Energy Minerals,2026-09-05 00:09:06,958850565.0244,6011486497.1636,4443075979.8524
US,Nasdaq Composite Index,Finance,2026-09-05 00:09:06,14167823875.3313,88349390008.4709,68943684620.4702
US,Nasdaq Composite Index,Health Services,2026-09-05 00:09:06,702693331.8888,3999562970.6835,3157571740.6145
US,Nasdaq Composite Index,Health Technology,2026-09-05 00:09:06,19194991277.7634,114875631992.3193,88274111179.8345
US,Nasdaq Composite Index,Industrial Services,2026-09-05 00:09:06,1563612098.264364,9229703856.729933,6860078201.716728
US,Nasdaq Composite Index,Miscellaneous,2026-09-05 00:09:06,55861285.8592,337834399.6038,278278179.01
US,Nasdaq Composite Index,Non-Energy Minerals,2026-09-05 00:09:06,1046196621.0948,5790540091.9581995,4606051824.159801
US,Nasdaq Composite Index,Process Industries,2026-09-05 00:09:06,1654836408.8377001,7481476940.5263,5726174395.5301
US,Nasdaq Composite Index,Producer Manufacturing,2026-09-05 00:09:06,12656683651.005499,62613789572.5791,49676708265.3104
US,Nasdaq Composite Index,Retail Trade,2026-09-05 00:09:06,16603486169.692099,93028884514.4394,68121882389.1257
US,Nasdaq Composite Index,Technology Services,2026-09-05 00:09:06,81504284480.91895,425365716322.3208,335769099598.71796
US,Nasdaq Composite Index,Transportation,2026-09-05 00:09:06,4542396298.9184,22969382443.6243,18279490339.0853
US,Nasdaq Composite Index,Utilities,2026-09-05 00:09:06,2615026038.2193,15304701522.479599,12236577470.5475
US,Russell 2000 Index,Commercial Services,2026-09-05 00:09:06,1367067368.876,8179676702.1955,6331401587.2225
US,Russell 2000 Index,Communications,2026-09-05 00:09:06,199068907.60999998,1328625605.12,1013285447.56
US,Russell 2000 Index,Consumer Durables,2026-09-05 00:09:06,1274059718.15,7458383652.9,6033524091.52
US,Russell 2000 Index,Consumer Non-Durables,2026-09-05 00:09:06,865053594.33,4510021937.26,3618521413.28
US,Russell 2000 Index,Consumer Services,2026-09-05 00:09:06,1948094933.585,11392702071.41,8938083093.09
US,Russell 2000 Index,Distribution Services,2026-09-05 00:09:06,363371876.475,2133022179.12,1640574904.685
US,Russell 2000 Index,Electronic Technology,2026-09-05 00:09:06,5427930461.4888,28372698585.6998,22982142479.5804
US,Russell 2000 Index,Energy Minerals,2026-09-05 00:09:06,1371615159.48,9086552988.87,7034184335.12
US,Russell 2000 Index,Finance,2026-09-05 00:09:06,6985157382.5844,41021178109.4114,32204649240.864
US,Russell 2000 Index,Health Services,2026-09-05 00:09:06,1044257804.22,6415305515.51,5057627353.83
US,Russell 2000 Index,Health Technology,2026-09-05 00:09:06,6501882727.534,39298684952.1638,30876576178.2845
US,Russell 2000 Index,Industrial Services,2026-09-05 00:09:06,1814309392.68,11251589638.27,9057797968.45
US,Russell 2000 Index,Non-Energy Minerals,2026-09-05 00:09:06,1038908828.605,5834297828.675,4644124871.515
US,Russell 2000 Index,Process Industries,2026-09-05 00:09:06,725405365.077,4426924815.077,3448658947.937
US,Russell 2000 Index,Producer Manufacturing,2026-09-05 00:09:06,2906284798.9508,15313299230.6656,12385109844.8372
US,Russell 2000 Index,Retail Trade,2026-09-05 00:09:06,1934597815.225,10223438063.839317,8120064813.19
US,Russell 2000 Index,Technology Services,2026-09-05 00:09:06,6540416656.135,36959724149.15,29465840766.11
US,Russell 2000 Index,Transportation,2026-09-05 00:09:06,897314154.0600001,4685746813.74,3729571976.7599998
US,Russell 2000 Index,Utilities,2026-09-05 00:09:06,644771832.8,4002635496.22,3235977805.11
US,Dow Jones Composite Index,Consumer Non-Durables,2026-09-05 00:09:06,3133785982.5299997,18079854361.01,13296318664.47
US,Dow Jones Composite Index,Consumer Services,2026-09-05 00:09:06,1722595174.5700002,9602216867.55,7341859708.289999
US,Dow Jones Composite Index,Electronic Technology,2026-09-05 00:09:06,46156172543.08,231794485818.35,186487783843.52002
US,Dow Jones Composite Index,Energy Minerals,2026-09-05 00:09:06,1139142071.2,8418929954.4,5901675320.8
US,Dow Jones Composite Index,Finance,2026-09-05 00:09:06,6103218023.65,35980946072.26,27550272521.739998
US,Dow Jones Composite Index,Health Services,2026-09-05 00:09:06,2210682192.84,9447424858.14,7164432605.5199995
US,Dow Jones Composite Index,Health Technology,2026-09-05 00:09:06,2573780164.56,19565048283.99,14693359132.820002
US,Dow Jones Composite Index,Process Industries,2026-09-05 00:09:06,326275274.90999997,2523527033.56,1811345510.1299999
US,Dow Jones Composite Index,Producer Manufacturing,2026-09-05 00:09:06,2682500890.88,16062199455.740002,12098571024.11
US,Dow Jones Composite Index,Retail Trade,2026-09-05 00:09:06,10875012245.609999,60113481783.06999,43296932461.88
US,Dow Jones Composite Index,Technology Services,2026-09-05 00:09:06,20487070489.98,120365400141.12,88174399340.48999
US,Dow Jones Composite Index,Transportation,2026-09-05 00:09:06,5366230288.56,31382556080.96,24186243264.74
US,Dow Jones Composite Index,Utilities,2026-09-05 00:09:06,5323914919.320001,33476978785.460003,24846601357.14
